order_id,order_date,amount,product_id
1,2022-02-07,159.62,43
2,2022-08-24,73.92,7
3,2022-03-14,64.29,10
4,2023-12-17,286.57,37
5,2023-10-08,100.1,24
6,2022-05-25,172.53,9
7,2022-05-10,132.19,24
8,2023-08-07,167.51,19
9,2023-05-24,182.61,43
10,2023-01-26,78.58,22
11,2022-10-09,408.73,4
12,2022-06-28,93.5,15
13,2022-10-04,48.79,21
14,2022-09-12,39.41,44
15,2022-12-24,45.37,22
16,2023-04-14,59.39,10
17,2022-09-10,308.12,43
18,2023-05-06,79.96,3
19,2023-10-31,73.53,21
20,2023-02-03,77.72,44
21,2023-07-17,17.06,17
22,2023-08-04,122.68,14
23,2022-08-04,160.86,43
24,2023-05-19,5.98,36
25,2023-04-24,34.91,12
26,2022-03-28,136.97,29
27,2022-05-22,129.56,43
28,2023-01-29,226.64,22
29,2022-01-08,69.75,35
30,2022-11-16,62.88,45
31,2023-06-19,212.78,43
32,2022-11-10,26.43,29
33,2023-05-29,39.67,19
34,2022-11-13,232.01,9
35,2022-07-29,169.26,31
36,2022-09-22,79.39,1
37,2023-12-30,70.8,14
38,2023-10-16,262.21,19
39,2023-09-20,73.44,39
40,2023-03-08,74.35,12
41,2023-09-26,105.41,20
42,2023-04-02,34.09,13
43,2023-06-27,139.42,5
44,2022-03-13,113.94,46
45,2023-01-23,157.08,26
46,2023-03-31,134.25,41
47,2023-07-16,559.32,36
48,2022-11-10,28.18,6
49,2023-05-31,157.75,32
50,2023-05-13,278.13,30
51,2022-02-13,56.38,3
52,2023-08-12,120.04,33
53,2022-01-27,56.1,8
54,2022-12-03,249.17,30
55,2023-09-14,213.13,9
56,2022-10-25,295.54,28
57,2023-04-12,114.85,34
58,2022-01-16,35.84,30
59,2022-03-06,265.96,5
60,2022-07-16,83.16,39
61,2022-01-26,73.47,34
62,2023-01-03,40.13,10
63,2023-04-17,253.58,4
64,2022-10-10,115.79,15
65,2023-10-28,57.08,21
66,2023-09-09,111.24,36
67,2022-01-23,104.21,29
68,2023-12-09,310.82,46
69,2022-05-07,58.61,29
70,2022-10-07,66.37,5
71,2023-01-17,193.08,16
72,2022-12-23,30.65,12
73,2022-06-05,178.51,32
74,2022-11-10,299.7,37
75,2023-08-19,94.34,13
76,2022-06-16,253.78,39
77,2023-10-11,58.01,20
78,2022-10-16,119.61,17
79,2023-02-23,62.43,48
80,2022-10-07,114.16,37
81,2023-10-18,79.44,11
82,2022-03-29,127.59,7
83,2022-09-01,169.5,27
84,2022-12-15,53.79,37
85,2023-08-10,46.41,31
86,2022-07-10,85.35,36
87,2022-10-30,428.8,1
88,2023-12-30,102.52,39
89,2022-06-01,63.3,19
90,2023-11-27,382.94,32
91,2022-11-18,42.27,42
92,2023-01-05,127.04,32
93,2022-09-11,166.34,49
94,2023-04-07,80.03,43
95,2023-07-19,199.97,23
96,2023-04-15,83.93,1
97,2023-03-31,114.62,7
98,2023-05-30,34.02,46
99,2023-08-12,104.73,33
100,2022-05-30,43.76,28
101,2023-12-17,166.92,1
102,2022-09-21,76.02,27
103,2022-03-19,44.27,21
104,2023-12-14,39.9,27
105,2022-03-17,245.9,2
106,2022-11-29,385.36,38
107,2022-02-13,54.38,14
108,2023-06-17,61.84,41
109,2023-06-27,52.6,19
110,2023-07-03,131.05,19
111,2023-07-24,72.59,39
112,2023-05-24,46.61,39
113,2022-07-30,71.24,24
114,2022-04-07,40.59,5
115,2022-09-27,93.35,6
116,2022-01-11,101.8,24
117,2022-10-07,5.94,3
118,2022-06-02,52.74,20
119,2023-12-16,75.37,37
120,2023-04-22,29.75,18
121,2023-10-23,52.52,22
122,2023-02-21,114.67,14
123,2022-05-21,244.2,43
124,2022-07-13,214.75,27
125,2023-08-30,65.26,33
126,2023-07-27,112.1,9
127,2023-05-05,77.63,9
128,2022-06-02,241.0,21
129,2022-12-05,369.78,47
130,2022-05-11,138.82,5
131,2023-05-08,115.53,19
132,2023-09-08,97.79,22
133,2022-09-24,81.37,40
134,2023-11-26,90.2,30
135,2023-05-05,143.42,11
136,2023-04-16,383.37,26
137,2022-07-18,150.11,24
138,2023-12-08,64.79,31
139,2022-11-24,63.64,27
140,2022-06-26,48.52,14
141,2023-07-21,292.63,12
142,2022-01-16,272.03,43
143,2023-02-06,277.74,11
144,2022-06-20,22.23,25
145,2022-01-21,39.74,25
146,2023-09-23,38.1,48
147,2022-10-06,302.92,5
148,2023-05-01,461.65,44
149,2023-09-19,431.72,28
150,2023-09-02,128.98,14
151,2023-11-25,47.41,7
152,2022-01-11,48.73,3
153,2022-04-07,34.17,4
154,2022-07-03,122.59,30
155,2022-11-14,327.23,43
156,2023-07-23,138.93,5
157,2023-12-31,91.58,29
158,2023-02-10,86.26,36
159,2022-08-20,89.21,38
160,2022-04-07,143.73,19
161,2023-05-21,64.06,39
162,2022-01-26,308.42,14
163,2023-05-13,195.44,47
164,2022-05-22,102.98,15
165,2022-08-01,212.23,42
166,2023-09-21,21.78,7
167,2023-10-09,146.15,28
168,2023-12-19,50.17,17
169,2023-11-28,66.67,21
170,2023-06-21,70.63,24
171,2022-05-18,84.7,36
172,2023-03-27,18.01,8
173,2022-07-19,67.01,7
174,2022-11-22,367.83,22
175,2023-02-25,32.42,1
176,2022-01-22,139.58,27
177,2022-10-24,83.22,10
178,2022-03-19,64.31,42
179,2022-08-08,125.91,29
180,2023-11-21,222.3,4
181,2023-01-05,45.4,22
182,2022-10-31,252.2,48
183,2023-04-07,136.41,34
184,2023-03-01,76.15,8
185,2023-04-08,314.41,9
186,2023-07-12,197.89,40
187,2023-10-19,85.58,34
188,2022-08-23,30.3,40
189,2023-07-12,103.08,36
190,2023-03-28,148.81,8
191,2022-11-19,29.53,42
192,2022-10-30,99.88,28
193,2023-01-20,88.97,41
194,2023-02-18,239.48,8
195,2022-03-05,251.41,37
196,2023-07-02,49.7,46
197,2023-04-23,99.07,31
198,2023-06-30,47.42,10
199,2023-10-05,39.64,48
200,2023-04-14,118.46,25
201,2023-08-19,31.37,47
202,2022-02-18,67.04,22
203,2022-10-16,69.19,1
204,2022-09-11,318.21,20
205,2023-10-31,67.93,20
206,2022-02-25,69.13,22
207,2023-12-24,202.78,28
208,2022-10-15,42.84,34
209,2022-01-29,60.18,41
210,2022-08-11,15.14,47
211,2022-11-27,90.85,43
212,2022-05-17,100.33,22
213,2022-04-20,159.21,31
214,2023-09-04,62.93,48
215,2022-02-02,107.92,19
216,2023-06-05,246.56,4
217,2023-08-20,169.99,36
218,2023-07-17,119.32,32
219,2023-08-15,98.84,30
220,2022-06-19,367.15,40
221,2023-09-13,88.25,23
222,2022-07-31,120.66,11
223,2022-01-25,100.47,43
224,2022-04-24,42.3,9
225,2022-02-14,202.73,32
226,2022-09-29,65.01,13
227,2023-11-02,310.17,19
228,2023-04-21,24.92,8
229,2023-05-15,159.27,24
230,2022-09-09,58.87,9
231,2023-10-29,138.46,24
232,2022-08-24,38.92,47
233,2022-03-28,48.46,35
234,2023-01-27,145.45,31
235,2022-02-23,261.68,4
236,2023-03-08,397.01,49
237,2023-03-21,115.42,43
238,2022-10-18,119.28,5
239,2022-04-11,223.27,49
240,2023-03-28,149.96,16
241,2023-12-25,59.4,25
242,2022-08-18,170.85,31
243,2023-08-30,73.5,43
244,2022-06-16,173.5,27
245,2023-11-19,225.27,35
246,2022-08-20,81.61,46
247,2022-03-21,203.15,48
248,2023-07-30,64.81,24
249,2022-03-29,317.92,41
250,2023-02-21,152.92,36
251,2023-12-16,151.72,17
252,2023-12-08,98.61,24
253,2023-12-30,59.09,48
254,2023-11-02,138.87,27
255,2023-10-20,104.88,15
256,2022-11-21,217.7,24
257,2022-07-08,188.54,25
258,2023-05-16,132.78,25
259,2022-07-26,40.51,16
260,2022-05-26,153.1,4
261,2022-06-17,122.52,10
262,2022-06-13,133.26,47
263,2023-04-11,83.36,21
264,2023-10-31,100.4,3
265,2023-10-25,66.08,31
266,2023-11-13,193.86,13
267,2023-04-04,69.78,26
268,2023-12-19,95.94,1
269,2022-11-23,106.53,34
270,2023-10-28,80.25,35
271,2022-08-19,183.09,14
272,2022-08-29,115.07,12
273,2022-02-18,78.17,27
274,2023-11-22,297.87,25
275,2022-10-28,14.04,44
276,2023-09-10,112.88,42
277,2022-07-02,80.81,48
278,2022-09-14,35.21,14
279,2022-12-09,135.5,41
280,2023-05-19,189.38,32
281,2022-10-03,108.15,39
282,2023-09-17,238.74,16
283,2022-02-21,70.16,26
284,2022-05-19,34.72,42
285,2022-05-04,105.57,32
286,2022-11-21,216.12,47
287,2023-02-12,151.19,34
288,2022-09-28,32.83,39
289,2023-12-05,51.8,29
290,2023-06-18,178.11,44
291,2022-06-24,626.44,21
292,2023-01-16,549.24,15
293,2022-05-12,278.39,10
294,2023-03-17,337.29,43
295,2022-07-28,81.35,4
296,2023-07-21,72.87,18
297,2023-08-07,97.74,16
298,2023-05-24,18.78,4
299,2023-06-11,53.99,48
300,2023-12-19,235.11,7
301,2022-05-24,122.29,43
302,2023-02-14,133.01,6
303,2023-12-26,117.36,21
304,2023-05-21,119.07,14
305,2023-09-19,65.87,25
306,2023-07-11,72.39,47
307,2022-02-07,45.78,16
308,2022-05-31,80.86,37
309,2023-04-21,113.84,17
310,2023-03-15,196.7,10
311,2022-11-29,16.93,20
312,2023-06-09,88.79,25
313,2023-01-12,36.98,19
314,2022-11-12,75.82,15
315,2023-12-29,391.92,7
316,2023-02-28,103.91,28
317,2023-09-30,75.51,24
318,2022-02-13,71.71,6
319,2023-04-06,133.64,5
320,2023-08-27,123.84,24
321,2023-09-17,44.3,47
322,2022-09-11,137.71,40
323,2023-02-22,216.56,3
324,2022-06-21,26.17,14
325,2023-02-15,121.36,43
326,2023-11-28,313.88,27
327,2023-08-09,35.02,25
328,2022-11-05,122.6,18
329,2023-08-25,54.27,24
330,2023-06-24,238.02,2
331,2022-02-13,39.55,46
332,2022-01-02,180.34,22
333,2022-12-05,302.82,48
334,2022-05-08,52.25,18
335,2023-08-30,115.36,34
336,2023-02-15,51.12,44
337,2023-06-27,29.44,12
338,2022-03-06,233.84,35
339,2022-05-31,66.26,3
340,2023-09-03,313.87,33
341,2023-10-06,125.42,27
342,2022-03-12,106.18,20
343,2023-10-15,103.93,27
344,2022-10-23,72.12,27
345,2022-08-19,90.63,8
346,2022-03-25,225.78,36
347,2022-06-26,239.36,32
348,2022-11-14,362.31,16
349,2023-03-31,105.37,29
350,2022-06-14,167.49,13
351,2022-10-07,170.77,47
352,2023-02-11,36.1,24
353,2023-03-27,207.87,7
354,2023-09-27,329.17,6
355,2023-04-22,84.57,29
356,2022-09-07,271.77,35
357,2023-05-06,90.59,24
358,2022-12-18,38.91,22
359,2023-07-20,88.92,11
360,2023-11-13,57.12,16
361,2023-03-18,105.49,15
362,2023-01-01,235.53,24
363,2023-12-18,59.41,2
364,2022-12-29,139.44,21
365,2022-04-16,600.91,12
366,2022-02-06,85.01,13
367,2022-04-23,356.3,48
368,2022-05-25,24.28,27
369,2022-06-08,64.65,19
370,2022-04-26,95.24,46
371,2023-09-11,362.0,2
372,2022-08-01,245.72,29
373,2023-03-02,107.33,24
374,2022-12-04,93.91,39
375,2022-08-02,113.26,21
376,2022-04-04,97.28,34
377,2022-06-14,65.35,47
378,2023-09-14,74.32,31
379,2022-10-30,135.14,1
380,2022-11-25,116.08,15
381,2023-06-25,139.51,34
382,2023-10-05,62.21,45
383,2023-02-02,61.98,17
384,2023-03-02,83.48,1
385,2022-10-20,400.75,46
386,2022-06-18,86.4,46
387,2022-01-19,67.45,31
388,2022-08-14,96.0,19
389,2022-11-16,203.11,37
390,2023-05-15,64.8,11
391,2023-07-13,100.24,46
392,2022-12-27,55.83,25
393,2022-08-06,141.45,15
394,2022-04-23,197.11,40
395,2023-05-27,69.4,36
396,2022-12-24,69.33,34
397,2023-05-30,89.92,43
398,2022-04-09,38.09,1
399,2023-12-20,75.86,6
400,2023-12-17,169.36,27
401,2023-03-19,65.93,13
402,2023-11-14,104.53,43
403,2022-08-21,44.06,21
404,2023-07-25,61.87,47
405,2023-02-05,69.43,25
406,2023-07-04,93.4,5
407,2022-08-26,102.9,19
408,2023-05-04,41.97,29
409,2022-08-23,16.44,20
410,2023-06-03,76.77,16
411,2022-04-07,128.37,18
412,2023-10-17,24.56,8
413,2022-04-11,152.03,40
414,2022-12-10,46.34,1
415,2022-07-23,265.14,3
416,2023-12-05,143.78,27
417,2023-01-15,310.32,5
418,2023-06-29,416.83,17
419,2023-09-15,115.18,14
420,2023-11-21,64.74,5
421,2022-05-09,23.34,31
422,2023-10-25,404.42,21
423,2022-04-08,100.08,37
424,2023-03-31,89.51,35
425,2023-11-08,156.92,37
426,2023-10-31,177.98,32
427,2023-05-01,12.02,45
428,2023-07-19,31.42,36
429,2023-09-07,49.86,33
430,2023-05-14,46.04,6
431,2023-01-13,216.96,34
432,2023-06-04,44.97,1
433,2023-04-15,130.71,10
434,2022-09-30,362.58,32
435,2023-11-01,196.49,36
436,2023-03-22,37.11,25
437,2022-12-27,369.77,39
438,2023-06-27,143.86,12
439,2022-05-17,124.33,45
440,2022-06-18,86.55,44
441,2022-06-08,333.25,8
442,2023-02-12,44.4,49
443,2023-03-27,125.08,33
444,2023-12-06,203.09,30
445,2022-05-21,91.4,41
446,2023-10-20,64.11,25
447,2023-02-22,289.01,44
448,2023-06-07,41.63,11
449,2022-01-29,207.19,31
450,2023-10-08,148.02,19
451,2022-02-12,100.86,11
452,2023-08-22,61.07,40
453,2022-11-09,250.44,7
454,2023-08-14,43.25,8
455,2023-01-09,75.93,16
456,2023-12-23,30.82,13
457,2023-12-14,70.22,1
458,2023-05-17,77.41,4
459,2023-02-01,90.27,16
460,2022-06-03,89.5,4
461,2022-11-30,69.97,18
462,2022-09-18,225.26,3
463,2023-10-30,250.82,16
464,2023-10-06,203.49,1
465,2023-11-30,143.62,20
466,2023-06-09,67.73,45
467,2022-05-11,40.82,24
468,2022-12-19,153.41,22
469,2022-11-14,130.23,1
470,2023-02-04,18.82,31
471,2022-12-23,89.12,21
472,2023-05-22,108.38,2
473,2022-06-08,191.33,46
474,2023-10-08,320.03,21
475,2022-05-25,36.72,43
476,2023-09-01,342.76,13
477,2023-03-04,55.45,23
478,2022-10-15,37.74,15
479,2023-09-04,47.81,25
480,2022-10-28,71.04,47
481,2023-06-18,40.45,45
482,2023-06-30,68.09,44
483,2022-01-05,26.35,41
484,2023-07-06,101.89,33
485,2022-05-05,119.6,17
486,2022-03-09,35.02,7
487,2022-06-12,32.53,25
488,2022-06-12,94.09,14
489,2022-02-12,81.92,26
490,2023-12-24,78.31,36
491,2022-02-08,78.28,32
492,2023-01-14,80.34,40
493,2023-11-20,110.62,15
494,2022-05-03,58.5,30
495,2023-12-23,19.37,49
496,2023-05-26,43.37,47
497,2023-05-22,46.87,14
498,2022-08-19,62.82,20
499,2022-08-08,48.89,16
500,2023-05-17,84.85,34
501,2023-01-28,42.3,42
502,2022-10-24,20.34,36
503,2022-07-17,90.53,26
504,2023-06-02,104.88,35
505,2022-01-08,200.99,23
506,2023-04-08,48.04,34
507,2022-12-01,27.45,36
508,2023-06-30,40.57,15
509,2023-06-24,191.86,8
510,2023-11-23,96.75,33
511,2022-03-19,205.77,4
512,2022-01-31,211.61,4
513,2022-06-24,58.43,32
514,2022-01-10,92.14,33
515,2022-12-20,54.97,47
516,2022-08-16,81.35,26
517,2023-08-16,73.68,22
518,2022-10-12,234.87,29
519,2023-11-09,101.41,36
520,2023-03-25,412.92,37
521,2023-02-26,164.82,21
522,2023-02-07,222.61,1
523,2022-12-01,169.93,41
524,2022-12-26,252.0,15
525,2023-03-31,102.56,15
526,2022-02-22,159.7,41
527,2023-01-30,133.88,48
528,2022-03-05,274.57,28
529,2023-09-28,55.55,8
530,2023-10-21,34.54,43
531,2022-06-07,26.53,15
532,2023-05-20,185.45,30
533,2022-02-09,132.82,19
534,2023-07-21,339.18,15
535,2022-01-30,109.88,11
536,2022-07-03,105.25,36
537,2022-12-26,107.62,30
538,2022-12-13,138.62,16
539,2023-02-01,115.69,26
540,2022-05-26,687.99,5
541,2022-03-13,303.17,6
542,2023-08-27,112.39,42
543,2023-01-16,128.13,37
544,2023-04-13,73.83,41
545,2022-07-04,112.0,23
546,2023-07-18,116.17,30
547,2023-12-18,90.24,17
548,2023-07-29,126.51,9
549,2022-04-13,175.55,30
550,2022-06-29,288.77,39
551,2023-09-01,106.22,39
552,2023-06-27,111.12,15
553,2022-05-31,169.64,43
554,2022-09-19,70.4,37
555,2023-04-21,49.22,1
556,2022-04-06,71.96,5
557,2022-12-28,129.45,45
558,2023-02-11,11.2,38
559,2023-12-18,607.71,21
560,2022-04-27,104.49,10
561,2023-01-01,60.84,17
562,2022-01-23,24.35,36
563,2023-02-07,36.09,39
564,2022-08-10,66.31,9
565,2022-10-13,237.56,16
566,2022-01-19,76.51,40
567,2022-02-22,86.59,3
568,2022-05-03,32.05,36
569,2023-06-28,110.89,34
570,2022-11-02,155.76,16
571,2023-04-13,239.65,16
572,2023-01-13,194.21,16
573,2022-06-23,62.79,31
574,2022-12-09,85.52,3
575,2022-07-19,72.01,35
576,2023-11-20,27.65,20
577,2023-02-17,43.49,30
578,2023-12-25,119.13,19
579,2022-05-28,161.96,39
580,2023-08-15,28.65,11
581,2022-12-11,112.92,19
582,2022-08-03,174.47,26
583,2023-06-08,76.05,18
584,2022-08-18,25.89,38
585,2023-03-26,123.39,21
586,2023-08-29,162.67,41
587,2022-09-29,32.86,47
588,2023-11-23,127.8,24
589,2023-07-12,40.98,19
590,2023-01-07,64.61,16
591,2023-03-24,144.71,33
592,2023-10-25,64.02,38
593,2022-04-20,190.73,31
594,2023-09-08,81.91,41
595,2023-04-12,39.94,10
596,2022-06-18,107.78,5
597,2023-11-16,146.53,17
598,2022-10-01,144.61,16
599,2023-08-24,17.84,1
600,2022-08-19,97.21,28
601,2022-08-29,66.94,21
602,2022-12-20,18.6,42
603,2022-03-24,135.53,24
604,2023-05-16,83.09,7
605,2022-01-15,46.75,25
606,2023-11-08,142.83,1
607,2022-01-27,212.96,49
608,2022-12-11,259.52,17
609,2023-05-17,108.5,29
610,2022-01-23,293.18,25
611,2023-06-18,210.68,2
612,2022-07-16,58.08,10
613,2023-11-20,24.84,22
614,2022-04-29,78.75,1
615,2022-05-27,190.37,13
616,2022-12-20,159.74,33
617,2023-10-14,37.5,41
618,2023-10-14,213.85,18
619,2023-01-13,102.66,20
620,2023-03-13,222.68,31
621,2023-08-04,231.8,24
622,2022-06-23,328.76,34
623,2022-07-12,47.04,19
624,2022-03-31,42.52,47
625,2023-07-07,75.48,23
626,2022-09-04,140.35,4
627,2022-10-17,16.19,35
628,2023-07-25,71.29,25
629,2022-09-21,28.46,7
630,2022-06-12,205.89,38
631,2022-05-13,118.98,34
632,2023-01-25,307.76,13
633,2022-04-29,54.22,38
634,2022-06-28,156.91,16
635,2023-08-12,64.46,2
636,2023-03-06,93.25,7
637,2022-09-12,153.39,16
638,2022-12-19,63.58,29
639,2022-04-25,117.35,4
640,2023-01-17,132.54,33
641,2022-04-03,73.24,22
642,2022-11-24,99.9,45
643,2023-10-28,98.97,30
644,2023-05-05,53.11,47
645,2022-09-05,254.05,4
646,2022-01-02,207.06,3
647,2022-09-27,193.74,29
648,2022-04-27,56.11,21
649,2022-02-08,421.45,44
650,2022-08-02,128.9,31
651,2023-02-16,97.91,30
652,2023-11-10,56.19,21
653,2022-06-11,314.34,32
654,2023-02-20,172.37,26
655,2022-09-03,29.28,42
656,2022-04-24,39.32,47
657,2023-09-19,50.87,18
658,2022-10-22,68.23,23
659,2022-01-29,273.89,14
660,2023-12-17,82.32,31
661,2023-09-19,377.33,24
662,2022-02-01,438.78,37
663,2022-06-29,75.93,22
664,2022-03-08,24.24,8
665,2022-01-01,45.24,4
666,2023-01-02,62.83,24
667,2023-03-04,60.27,13
668,2022-12-31,58.57,14
669,2022-05-25,60.17,8
670,2023-01-17,112.23,42
671,2022-08-13,177.4,31
672,2022-10-25,56.93,27
673,2022-06-02,280.15,9
674,2022-10-05,139.89,40
675,2022-02-16,40.93,33
676,2022-10-19,57.46,21
677,2022-11-15,53.71,18
678,2022-03-10,31.77,10
679,2022-11-15,74.9,40
680,2023-06-29,59.52,26
681,2022-09-07,193.35,2
682,2022-02-15,17.16,32
683,2022-12-25,76.48,36
684,2023-01-07,155.14,44
685,2022-02-27,200.22,28
686,2023-10-28,302.33,40
687,2022-12-27,142.3,19
688,2022-02-03,200.15,23
689,2023-05-18,79.67,2
690,2023-10-09,20.47,35
691,2022-07-13,239.1,3
692,2022-11-04,260.59,18
693,2023-06-28,121.51,22
694,2023-01-27,224.31,12
695,2022-09-09,125.27,30
696,2022-05-22,237.96,19
697,2022-05-08,68.71,12
698,2023-01-23,293.52,44
699,2023-02-17,130.52,20
700,2023-10-18,21.94,4
701,2023-08-02,135.61,20
702,2022-03-03,55.68,1
703,2023-12-25,239.9,30
704,2022-04-07,269.49,22
705,2023-07-25,306.63,28
706,2023-05-22,66.97,33
707,2022-07-05,123.01,23
708,2022-04-07,150.42,21
709,2023-05-24,79.0,36
710,2022-12-06,58.99,18
711,2022-10-04,55.14,6
712,2023-05-20,83.43,12
713,2022-02-10,100.87,6
714,2023-05-26,54.24,10
715,2022-04-21,48.12,47
716,2023-03-11,76.53,11
717,2023-05-18,101.78,30
718,2022-05-13,60.52,33
719,2022-09-23,90.36,39
720,2022-05-05,152.4,43
721,2023-01-20,24.73,24
722,2022-08-07,117.79,41
723,2023-02-10,389.48,32
724,2023-05-23,57.6,19
725,2022-03-16,86.19,41
726,2022-05-30,441.46,6
727,2022-09-04,13.25,49
728,2023-02-22,126.93,29
729,2022-06-16,125.23,16
730,2023-07-10,45.38,41
731,2022-04-14,102.98,43
732,2023-06-30,110.31,19
733,2022-04-06,33.15,11
734,2023-03-02,123.97,41
735,2022-07-19,55.97,26
736,2022-03-11,302.17,5
737,2023-12-12,54.74,19
738,2022-01-24,267.71,23
739,2023-12-28,110.34,47
740,2022-04-17,123.97,14
741,2022-02-09,673.12,22
742,2022-02-01,368.77,17
743,2022-10-21,33.05,18
744,2022-02-08,61.5,31
745,2022-07-04,37.96,49
746,2023-02-25,169.15,15
747,2023-08-02,277.11,31
748,2023-04-14,99.14,11
749,2022-01-17,153.33,22
750,2023-05-24,45.99,5
751,2023-12-01,338.62,8
752,2023-07-20,455.51,21
753,2022-05-02,33.01,35
754,2022-09-01,279.23,42
755,2023-04-04,529.23,36
756,2023-11-18,36.6,14
757,2022-06-05,92.21,12
758,2023-11-05,529.63,46
759,2023-08-04,192.95,3
760,2023-07-06,112.84,22
761,2023-06-30,83.95,18
762,2022-03-19,49.11,31
763,2022-03-03,281.44,35
764,2023-07-03,96.03,28
765,2023-05-22,39.5,22
766,2023-03-14,36.33,36
767,2022-10-10,77.34,29
768,2023-04-29,288.89,35
769,2023-06-09,41.62,28
770,2022-10-09,76.25,11
771,2023-01-21,359.5,9
772,2023-05-08,77.38,12
773,2023-11-13,31.97,18
774,2023-09-12,212.92,28
775,2023-07-22,65.26,26
776,2023-07-22,61.85,23
777,2023-03-25,67.05,37
778,2023-10-18,38.4,15
779,2023-04-22,156.37,4
780,2022-10-24,176.15,29
781,2022-11-13,57.99,21
782,2023-08-06,29.4,9
783,2023-03-10,351.24,44
784,2022-06-28,52.26,36
785,2023-11-04,62.3,9
786,2022-08-07,14.63,18
787,2022-10-04,103.35,47
788,2022-11-05,31.65,33
789,2023-07-05,38.16,35
790,2023-03-26,65.96,20
791,2023-12-22,54.06,28
792,2022-03-31,135.39,32
793,2023-07-31,103.27,17
794,2022-02-12,167.83,28
795,2022-04-08,363.33,43
796,2022-01-02,355.67,47
797,2022-03-31,47.97,16
798,2022-02-08,98.79,27
799,2022-01-19,365.92,38
800,2023-04-18,106.87,25
801,2023-05-08,99.51,41
802,2023-04-20,57.43,39
803,2023-04-13,126.57,20
804,2022-10-23,262.66,45
805,2022-05-08,93.86,21
806,2022-09-29,487.04,22
807,2022-10-21,64.92,2
808,2023-05-02,48.81,5
809,2022-06-14,67.75,29
810,2022-12-21,31.42,19
811,2022-05-08,210.7,5
812,2022-08-27,60.83,17
813,2022-02-02,129.16,15
814,2023-11-02,408.14,45
815,2022-01-08,39.5,36
816,2022-04-23,138.17,40
817,2022-02-20,154.67,47
818,2023-11-22,94.73,33
819,2022-06-10,31.5,4
820,2023-12-11,55.27,12
821,2022-01-02,41.84,9
822,2023-09-02,355.81,35
823,2023-01-10,325.44,34
824,2022-06-29,32.88,47
825,2023-06-27,121.25,29
826,2023-08-18,102.08,26
827,2023-11-21,87.12,4
828,2022-12-04,119.38,2
829,2023-04-01,335.58,35
830,2023-02-10,150.99,9
831,2023-06-15,79.58,48
832,2023-11-18,123.21,26
833,2022-06-22,209.99,28
834,2022-05-18,11.26,30
835,2023-01-24,116.44,26
836,2022-03-19,141.62,14
837,2023-05-27,74.85,11
838,2022-06-01,42.41,17
839,2022-04-06,192.14,16
840,2022-07-07,145.75,11
841,2023-09-30,54.01,13
842,2022-03-06,83.57,34
843,2023-02-20,206.2,1
844,2023-10-04,44.87,31
845,2022-03-26,46.19,4
846,2022-08-22,81.05,18
847,2022-03-10,50.58,1
848,2022-02-24,114.08,39
849,2022-01-26,129.44,4
850,2023-04-13,224.41,31
851,2023-02-16,49.79,22
852,2023-07-23,82.41,27
853,2023-08-28,377.87,32
854,2022-11-29,90.72,11
855,2022-06-24,175.98,6
856,2022-01-12,33.28,34
857,2022-05-17,28.25,37
858,2023-03-22,209.93,10
859,2022-06-01,177.46,47
860,2022-12-11,99.44,1
861,2022-08-06,343.5,40
862,2023-04-12,318.77,44
863,2022-07-30,79.83,46
864,2022-01-06,35.6,6
865,2023-11-14,241.28,11
866,2023-06-18,64.06,4
867,2022-04-28,53.69,40
868,2023-08-09,69.2,14
869,2023-10-21,135.23,38
870,2022-06-01,156.88,17
871,2023-07-12,57.08,26
872,2023-04-25,70.99,44
873,2023-01-17,72.89,47
874,2023-07-19,47.34,8
875,2023-11-26,276.54,44
876,2023-01-03,47.45,1
877,2023-03-22,41.17,15
878,2023-11-12,125.81,15
879,2022-11-25,84.93,34
880,2022-10-06,56.55,47
881,2022-01-03,118.1,1
882,2022-08-03,141.48,15
883,2022-09-15,23.76,3
884,2022-03-14,92.37,36
885,2022-11-04,46.82,32
886,2023-04-01,86.61,40
887,2023-12-29,12.47,8
888,2022-03-19,79.04,8
889,2023-07-15,169.21,17
890,2022-09-14,95.4,3
891,2023-07-09,30.58,6
892,2022-10-23,51.97,39
893,2023-05-31,160.59,16
894,2023-03-18,223.56,15
895,2023-07-20,27.56,41
896,2023-12-01,103.49,14
897,2022-11-19,34.69,13
898,2023-08-27,107.19,38
899,2022-09-19,61.7,12
900,2022-01-27,216.28,16
901,2022-02-01,208.19,32
902,2023-06-08,100.64,47
903,2023-01-23,175.29,35
904,2023-11-26,272.06,7
905,2022-05-10,225.54,43
906,2022-01-14,90.64,6
907,2022-03-01,115.34,22
908,2023-03-17,140.46,44
909,2023-12-23,81.57,45
910,2022-05-17,79.58,7
911,2022-02-08,68.38,9
912,2023-01-24,238.56,13
913,2022-11-23,221.62,47
914,2022-01-06,76.03,47
915,2023-04-09,95.05,19
916,2022-03-26,23.13,8
917,2022-07-07,28.38,30
918,2022-02-01,21.62,19
919,2023-04-20,192.15,10
920,2022-01-08,45.17,47
921,2022-08-24,329.69,23
922,2022-11-19,89.95,21
923,2022-06-10,58.61,34
924,2023-04-05,32.2,48
925,2022-10-28,86.25,25
926,2023-07-04,365.52,10
927,2022-06-25,41.61,13
928,2023-04-03,122.48,24
929,2023-04-20,132.65,46
930,2022-12-07,235.9,37
931,2023-03-26,42.57,24
932,2022-02-22,127.88,40
933,2023-12-11,151.71,38
934,2022-12-12,374.89,7
935,2022-01-29,128.62,44
936,2022-08-26,30.14,2
937,2022-07-27,604.14,20
938,2023-01-30,220.83,30
939,2022-09-12,60.07,49
940,2023-02-18,104.58,46
941,2022-05-26,33.44,9
942,2022-07-29,64.37,35
943,2023-03-07,122.21,30
944,2022-01-08,90.13,1
945,2022-01-18,111.4,16
946,2022-03-28,95.17,20
947,2022-11-14,114.23,5
948,2022-11-17,82.02,8
949,2023-06-04,418.76,2
950,2023-11-27,60.43,9
951,2023-04-29,170.27,27
952,2022-02-13,42.69,41
953,2023-04-28,43.58,26
954,2022-02-25,367.96,33
955,2022-08-21,57.67,7
956,2022-09-19,411.35,33
957,2022-11-03,82.9,8
958,2022-07-11,24.51,39
959,2023-11-24,78.27,18
960,2022-04-16,151.67,30
961,2022-08-15,30.0,39
962,2022-06-15,71.37,4
963,2023-04-19,233.16,11
964,2022-09-18,113.21,28
965,2022-05-20,74.58,17
966,2023-06-26,130.42,44
967,2023-04-19,164.63,47
968,2023-02-21,333.56,43
969,2023-11-22,282.56,7
970,2022-08-21,42.69,9
971,2023-11-23,385.8,32
972,2023-11-14,210.61,26
973,2023-02-12,119.04,35
974,2022-05-06,138.41,34
975,2023-08-25,575.39,33
976,2022-02-13,46.4,45
977,2022-09-12,33.65,7
978,2023-01-06,128.98,6
979,2023-09-09,336.41,38
980,2022-04-06,245.97,31
981,2022-10-12,72.73,25
982,2022-03-06,314.43,47
983,2022-04-25,18.59,21
984,2022-08-03,178.81,23
985,2023-10-02,48.96,1
986,2022-11-04,52.86,6
987,2022-01-11,27.33,23
988,2023-06-28,125.75,28
989,2023-05-16,224.86,40
990,2022-01-10,68.67,38
991,2022-04-14,178.61,26
992,2022-05-15,86.16,49
993,2023-11-02,116.1,37
994,2023-10-21,245.7,1
995,2023-10-15,39.32,46
996,2022-11-26,218.54,39
997,2022-03-16,132.98,33
998,2022-12-14,86.84,6
999,2022-08-02,261.82,16
1000,2023-07-20,174.23,6
